id;name;mimetype;pic;pic_content_type
1;ADP (Bouvetoya) Specialist;wireless 9(E.U.A.-9);../fake-data/blob/hipster.png;image/png
2;Frozen Ergonomic Avon;deposit Macao Rustic;../fake-data/blob/hipster.png;image/png
3;Square compress;Auto Architect;../fake-data/blob/hipster.png;image/png
4;alarm seize Research;clear-thinking;../fake-data/blob/hipster.png;image/png
5;Unbranded Franc Central;digital challenge;../fake-data/blob/hipster.png;image/png
6;Games eco-centric;monitoring Tuna;../fake-data/blob/hipster.png;image/png
7;Avon AGP;drive Liaison;../fake-data/blob/hipster.png;image/png
8;programming Swaziland;green;../fake-data/blob/hipster.png;image/png
9;navigate;violet access;../fake-data/blob/hipster.png;image/png
10;strategize;Armenian;../fake-data/blob/hipster.png;image/png
