id;name;email;phone;profile_link;relation_type
1;Kuwaiti drive;"sj.Zr@DE=B_0.g$$";1755179292;Intelligent ADP Maine;Supervisor
2;Salad Card Guilder;"bJ&@=)K.9vqkeG";2599096115;Car Place;Peer
3;protocol;"kij)p+@6O{.U#";9503830875;integrated;Other
4;parsing synthesizing Islands;"w0JO)?@9zbGz.W,I:";9078640263;Fresh even-keeled;Other
5;Buckinghamshire;">?!n@X0!.sN:g#";2989248172;Wyoming niches;Peer
6;transmitting XSS;"l@nU.-";3476028999;e-services Towels reinvent;Peer
7;BCEAO;"U/'@DJ..5A~SW)";7269483482;AGP;Other
8;Granite;"/{*8@ff~5J.SUr/";7905832192;Card Pizza Re-contextualized;Supervisor
9;Chair Fantastic aggregate;"p'{@izH.Ug";6681570805;frictionless;Supervisor
10;exuding;"z1d\'@A+jH.Z5hQ7$";5748207768;Avon;Supervisor
